{
  "run_dir": "/p/tmp/jamirp/esm_land_daily/daily_2000_2002_boreal_val_c45000_45999_seed1",
  "n_cells": 1000,
  "years": [
    2000,
    2001,
    2002
  ],
  "sanity": {
    "transp_min": 0.0,
    "transp_max": 5.086380481719971,
    "evap_min": 0.0,
    "evap_max": 1.9191486835479736,
    "interc_min": 0.0,
    "interc_max": 2.509047508239746,
    "runoff_min": -7.105427357601002e-15,
    "runoff_max": 186.89495849609375,
    "prec_min": 0.0,
    "prec_max": 144.40000915527344,
    "swc_min": 0.08152639120817184,
    "swc_max": 0.9915280342102051,
    "swe_min": 0.0,
    "swe_max": 1139.5999755859375
  },
  "closure": {
    "annual_residual_mm_per_yr_abs": {
      "p50": 41.013950562880495,
      "p90": 124.20452421726206,
      "p99": 256.3811701523697,
      "p100": 686.2906402342933
    },
    "annual_residual_minus_dSWE_mm_abs": {
      "p50": 30.13220646388652,
      "p90": 101.81834350862829,
      "p99": 241.33423804804025,
      "p100": 731.0906394713538
    },
    "multiyear_frac_imbalance_abs": {
      "p50": 0.026978944721548083,
      "p90": 0.07018040046918288,
      "p99": 0.12221667209273204,
      "p100": 0.21037714725788936
    },
    "mean_annual_prec_mm": 737.452912710848,
    "mean_annual_ET_mm": 325.96737532081755,
    "mean_annual_runoff_mm": 400.9550880414719,
    "mean_annual_residual_mm": 10.530449348558463,
    "mean_dSWE_full_period_mm": -6.196308071045578
  },
  "units_crosscheck_km3_per_yr": {
    "transp": [
      372.4064305732462,
      368.1313651233544,
      355.3895216081879
    ],
    "evap": [
      174.2608036103915,
      176.46403603292504,
      170.16646314522362
    ],
    "interc": [
      48.034617672908006,
      47.457654834240685,
      42.354682307554775
    ],
    "prec": [
      1328.9679179005716,
      1343.3160121056512,
      1295.0273627073616
    ]
  },
  "note": "Compare units_crosscheck against globalflux_*.csv (x1e15 dm3/yr = x1000 km3). transp[2000] here should match globalflux transp[2000]*1000."
}