{
  "run_dir": "/p/tmp/jamirp/esm_land_daily/daily_2000_2019_global_c0_67419_seed1",
  "n_cells": 67420,
  "years": [
    2000,
    2001,
    2002,
    2003,
    2004,
    2005,
    2006,
    2007,
    2008,
    2009,
    2010,
    2011,
    2012,
    2013,
    2014,
    2015,
    2016,
    2017,
    2018,
    2019
  ],
  "sanity": {
    "prec_min": 0.0,
    "prec_max": 790.2999877929688,
    "transp_min": 0.0,
    "transp_max": 7.23250675201416,
    "evap_min": 0.0,
    "evap_max": 4.545806884765625,
    "interc_min": 0.0,
    "interc_max": 7.345678329467773,
    "runoff_min": -2.886579864025407e-14,
    "runoff_max": 652.4974365234375,
    "swe_min": 0.0,
    "swe_max": 19999.900390625,
    "swc_min": 0.01666666753590107,
    "swc_max": 0.9970992207527161
  },
  "closure": {
    "annual_residual_mm_per_yr_abs": {
      "p50": 31.5048828125,
      "p90": 150.268310546875,
      "p99": 359.93292236328125,
      "p100": 1358.35693359375
    },
    "annual_residual_minus_dSWE_mm_abs": {
      "p50": 23.313369750976562,
      "p90": 140.95733642578125,
      "p99": 349.0976257324219,
      "p100": 1358.35693359375
    },
    "multiyear_frac_imbalance_abs": {
      "p50": 0.008727421052753925,
      "p90": 0.03735313564538956,
      "p99": 0.10748429596424103,
      "p100": 1.1192982196807861
    },
    "mean_annual_prec_mm": 772.6478881835938,
    "mean_annual_ET_mm": 419.5779113769531,
    "mean_annual_runoff_mm": 348.4936218261719,
    "mean_annual_residual_mm": 4.5761237144470215
  },
  "units_crosscheck_km3_per_yr": {
    "transp": [
      50050.588201860555,
      49921.082399376195,
      49339.33604300708,
      49812.399832901705,
      50466.058506530935,
      49945.50464593987,
      50401.17372850442,
      50098.51570896604,
      49212.299273219556,
      49899.74566756795,
      50730.31846357975,
      50668.831843712185,
      49851.40715390973,
      49720.31940192141,
      50272.43503702374,
      50186.26539539521,
      50497.679422116234,
      49683.468937334575,
      49887.60310998926,
      49524.22470017787
    ],
    "evap": [
      14587.630481270293,
      14355.17847379458,
      14325.213730546486,
      14496.544596643307,
      14528.698692879432,
      14384.562021519168,
      14503.736116382217,
      14323.49653113328,
      14536.023497032704,
      14383.61185906973,
      14697.15920201061,
      14435.89470096106,
      14367.096448973994,
      14422.63281384746,
      14192.848311954147,
      14119.57158984357,
      14474.09289160293,
      14429.382747098594,
      14453.618681141063,
      14282.199201810843
    ],
    "interc": [
      8830.309774701716,
      8574.974921315445,
      8260.093697868959,
      8354.31890581414,
      8405.47455455162,
      8377.326387458721,
      8573.559359954637,
      8621.058195220628,
      8810.668146382071,
      8523.975219453185,
      8807.370831444543,
      8869.972947017295,
      8684.260972333932,
      8707.609126364712,
      8454.446641627148,
      8012.389069363936,
      8549.002702101247,
      8821.433511047278,
      8675.083260603096,
      8432.340607314214
    ],
    "prec": [
      131649.6050819269,
      127336.37525125431,
      124369.52170507684,
      125693.55313336266,
      127375.42023585322,
      125409.10990170926,
      129107.36774644954,
      128858.49329196784,
      130772.50912483402,
      126188.09552550169,
      132551.42624926378,
      130744.88312268771,
      128019.07586057829,
      129849.70340397826,
      126925.64100917694,
      122741.01350097715,
      128388.2415408407,
      130722.84639304974,
      128373.3152287774,
      124791.67276909357
    ]
  },
  "note": "Compare units_crosscheck against globalflux_*.csv (x1e15 dm3/yr = x1000 km3): transp[y] here ~ globalflux transp[y]*1000."
}