{
  "annual_transp_model": [347.3183315873687,327.39921318017934,336.0142889072906,362.0011397145283,339.253568982352,367.5567355050804,389.69185704877805,382.5731634827283,359.17391830360583,368.6408595068667,356.1726062657111,377.8723277305327,363.5099216452175,342.52586800296416,370.9113070582923,350.5495402316179,358.8900205190798,348.8592696161517,304.511644511271,394.9304855059286],
  "annual_pet_truth": [737.3817259909998,706.83206295,736.2423066999997,836.1484657199998,725.0950395999998,760.1833893600001,791.544892902,794.7545934999999,772.7986569999999,759.0038827999998,755.587620961,782.8771614999999,767.83003085,719.956004328,763.9787123,759.6191784,770.6549982999999,750.3012927,866.8240582100002,814.1094544599999],
  "whc_mm": 177.337,
  "annual_transp_truth": [239.34509115497698,226.07578140554,239.23590880762,272.2898202955902,232.56279785009,264.867200588775,267.608860275931,258.97039400907,232.47555905113398,238.42087867409097,238.766949305319,237.97911800760897,232.8249245574,219.64220751214697,243.81132742670002,228.6094952519,231.00213932640003,223.18477424605,270.515002653465,259.51504615934],
  "rootmoist_growing": {"n":1820,"mean_model":117.59075043036768,"mean_truth":158.88609576923076,"bias":-41.29534533886307,"nmbe":-0.25990534375544877,"rmse":50.49857568068535,"corr":0.8870411762039996,"ratio":0.7400946562445512},
  "pet_growing": {"n":1820,"mean_model":4.285412384058411,"mean_truth":4.088691189010989,"bias":0.19672119504742208,"nmbe":0.048113488144113634,"rmse":0.22394628325918745,"corr":0.9988677531712324,"ratio":1.0481134881441136},
  "transp_annual": {"n":7300,"mean_model":0.9792268585350061,"mean_truth":0.6654388050081025,"bias":0.31378805352690364,"nmbe":0.4715505786036673,"rmse":0.44595344499036144,"corr":0.9725538894074324,"ratio":1.4715505786036673},
  "annual_gpp_model": [656.6948832051961,615.3631177863306,607.8404258272867,622.8462257843361,659.3140567281195,690.3355980011592,734.9208087102071,719.1656836725463,674.3318210353423,714.4586862402253,626.4553107309889,737.0174210478885,686.8045528474534,642.538914837364,724.8484080661825,668.8791419682783,672.2815301023671,659.6069147533511,467.9844445594347,732.3745790779733],
  "gpp_growing": {"n":1820,"mean_model":4.344918137016808,"mean_truth":7.360319176373626,"bias":-3.0154010393568176,"nmbe":-0.40968346169499714,"rmse":3.3694502776169775,"corr":0.7632507263408046,"ratio":0.5903165383050027},
  "years": [2000,2001,2002,2003,2004,2005,2006,2007,2008,2009,2010,2011,2012,2013,2014,2015,2016,2017,2018,2019],
  "transp_growing": {"n":1820,"mean_model":2.1516165291396643,"mean_truth":1.5238336800714287,"bias":0.627782849068236,"nmbe":0.4119759638327518,"rmse":0.7435713364992507,"corr":0.9119273968190156,"ratio":1.4119759638327516},
  "annual_gpp_truth": [1073.4021272241218,1021.5226458977867,1024.228694698904,1225.4557542078974,1096.2113609823896,1172.2475532852598,1235.3464506413102,1210.2881796838146,1129.7309381831935,1177.4484652090268,1102.477979653138,1233.056724499889,1180.592975486069,1085.5055744297667,1241.2955185420947,1145.5718996563776,1150.4662227509998,1146.8934380947433,1372.95881051414,1286.3834241975635],
  "annual_pet_model": [759.9613533041481,736.10792307026,755.8810607547363,868.2589770632686,754.9855334125965,798.0405118473886,833.9192201866554,823.3169332247255,800.8517800893252,798.4832867937532,806.9609999095259,822.4990391396832,811.2165495394498,774.6765440107732,812.5990326401859,808.7267214144699,819.4666603589466,796.014629462538,925.6539155437425,870.3726124056197],
  "pet_annual": {"n":7300,"mean_model":2.216163463585177,"mean_truth":2.1057155518536983,"bias":0.11044791173147823,"nmbe":0.05245148692293648,"rmse":0.1573203199916179,"corr":0.9986653308370431,"ratio":1.0524514869229367},
  "cell": 42490,
  "gpp_annual": {"n":7300,"mean_model":1.8238441815043878,"mean_truth":3.193299279155957,"bias":-1.3694550976515691,"nmbe":-0.4288527250140924,"rmse":2.1138980325142414,"corr":0.9630482229712528,"ratio":0.5711472749859076}
}
