{
  "clusters": {
    "cols": [
      "temp_mean",
      "temp_sd",
      "prec_mean",
      "prec_sd",
      "swrad_mean",
      "swrad_sd",
      "lwrad_mean",
      "lwrad_sd",
      "humid_mean",
      "humid_sd"
    ],
    "mu": {
      "temp_mean": 12.255849510307204,
      "temp_sd": 0.515255727811493,
      "prec_mean": 896.8079345072164,
      "prec_sd": 150.37707693218783,
      "swrad_mean": 177.98060277865542,
      "swrad_sd": 3.2713982028441104,
      "lwrad_mean": -63.19425643346756,
      "lwrad_sd": 2.5473633534503395,
      "humid_mean": 0.008329093186323496,
      "humid_sd": 0.0003089246923444439
    },
    "sd": {
      "temp_mean": 12.737367611145139,
      "temp_sd": 0.2671302016394364,
      "prec_mean": 769.5144281990388,
      "prec_sd": 120.80488565996774,
      "swrad_mean": 54.089917831396995,
      "swrad_sd": 1.4357026663710963,
      "lwrad_mean": 20.757596187187904,
      "lwrad_sd": 0.9391066985057396,
      "humid_mean": 0.005202277521751587,
      "humid_sd": 0.0001857385462076878
    },
    "centroids": [
      [
        -1.0105171137377988,
        0.5166632980316511,
        -0.37125173319230953,
        -0.4721985084531719,
        -1.0111449432279889,
        -0.328259510401951,
        0.48807570491634983,
        -0.4645937504495669,
        -0.8397603329880979,
        -0.8340317072575036
      ],
      [
        1.0241394348954433,
        -0.8164361877120543,
        -0.047837034107992164,
        -0.013003901702606601,
        0.9993650551356988,
        -0.2994753116724584,
        -0.4501692853451434,
        0.2613853415106934,
        0.8764024023296646,
        1.1632583773534493
      ],
      [
        0.6339180754508115,
        -0.45475335350576096,
        0.606922000931646,
        1.0281527686987855,
        0.26426350523295367,
        1.6663731778121451,
        0.22058628115598786,
        0.6093238042348689,
        0.7200482997932585,
        0.4956313245385159
      ],
      [
        0.569242052750084,
        -0.39268021912160267,
        -0.5914136591682434,
        -0.16364384287241437,
        1.040148631969557,
        0.8921903237989468,
        -1.256267490917827,
        1.8095790798373406,
        -0.08006255325196342,
        1.5035073561775905
      ],
      [
        0.8623718388697136,
        0.10940435539703104,
        -0.6001215292375146,
        0.25727445691454665,
        1.2226623292621777,
        2.4409072922840114,
        -1.2870545128037012,
        3.60166674280668,
        -0.07245591025092092,
        3.152031999141912
      ],
      [
        1.0701326468813321,
        -1.067711610094738,
        2.057036944701355,
        1.3078136785831018,
        0.3177943623505723,
        0.10194313660896061,
        1.0914086386685586,
        -0.8321001661694284,
        1.8870336124778542,
        0.06708532600172949
      ],
      [
        -0.23655786640219872,
        0.15026279309410898,
        0.06646849153464085,
        0.0006817706080386,
        -0.4906842959327708,
        0.4337789363681801,
        0.2245580048209491,
        0.022395072811930525,
        -0.36564307430396836,
        -0.3331939705330076
      ],
      [
        1.0365720923801562,
        -1.1945736641087048,
        3.0835142848403634,
        3.750776797866848,
        0.28994239796977456,
        0.5763462856180624,
        1.198318294028607,
        -0.6636352193861936,
        1.8902720907219996,
        -0.14415256471771423
      ],
      [
        0.9867064126614943,
        -0.7448718798756315,
        -0.947667441707137,
        -0.8229947217022839,
        1.5288482127928333,
        -1.0475556672565922,
        -2.093798237709711,
        0.10260913045769017,
        -0.2231953337128604,
        0.2861400433154867
      ],
      [
        -1.4840124959822742,
        1.7673114300872133,
        -0.514592104037977,
        -0.6274798741677317,
        -1.3487473427084076,
        -0.3762315004040589,
        0.8302098122983738,
        -0.4273157983349797,
        -1.0145191084980814,
        -0.8463489041168442
      ],
      [
        0.9697992865460382,
        -0.9961335612368933,
        0.591085099061148,
        0.34174663059729266,
        0.716113293343054,
        -0.48117157802316873,
        0.37001211375628185,
        -0.5742627521110092,
        1.3251394635893103,
        0.2451540253872928
      ],
      [
        -0.1986977589781736,
        -0.005377445834802741,
        -0.6569644521634886,
        -0.5336977113166428,
        0.3985636907259549,
        -0.48573859449357554,
        -0.9742530358833671,
        -0.006165800749967022,
        -0.5622809825802391,
        -0.29239033762321986
      ]
    ]
  },
  "factors": {
    "Height": {
      "correction": "C0_none",
      "mult_k": null,
      "aff_k": null,
      "global_affine": null
    },
    "agb": {
      "correction": "C2",
      "mult_k": {
        "0": 1.010262352157423,
        "1": 0.9414739695790556,
        "2": 1.019616310953964,
        "3": 0.9429303522218224,
        "4": 0.9364691186096712,
        "5": 1.0631558637977263,
        "6": 1.0455952485760032,
        "7": 1.1096018174170024,
        "8": 0.8711144304129661,
        "9": 0.9948673291522623,
        "10": 0.9966452487973086,
        "11": 0.8016464380571371
      },
      "aff_k": null,
      "global_affine": null
    },
    "npp": {
      "correction": "C2",
      "mult_k": {
        "0": 1.0158311532754012,
        "1": 1.1081324633115592,
        "2": 1.0709431987929159,
        "3": 1.1655232162381612,
        "4": 1.0929470435511592,
        "5": 1.1051057131513895,
        "6": 1.0461301471696882,
        "7": 1.1300617474910537,
        "8": 1.1152901569699598,
        "9": 1.006891022455553,
        "10": 1.1174538355885533,
        "11": 1.0460958277220092
      },
      "aff_k": null,
      "global_affine": null
    },
    "LAI": {
      "correction": "C3",
      "mult_k": null,
      "aff_k": {
        "0": [
          -0.3046498829839022,
          1.0956570921325428
        ],
        "1": [
          -0.2900438982307222,
          1.1160822929277014
        ],
        "2": [
          -0.2379488093399589,
          1.1052409599233235
        ],
        "3": [
          -0.1971953153997051,
          1.1129819076208796
        ],
        "4": [
          1.1135506581293715,
          0.6673850058059357
        ],
        "5": [
          0.8302225532342917,
          0.8901426459961331
        ],
        "6": [
          -0.5055041484078757,
          1.152564240536719
        ],
        "7": [
          0.6204848523229318,
          0.9304951605986415
        ],
        "8": [
          0.11172280097571373,
          0.9965444564997608
        ],
        "9": [
          -0.2953244989008239,
          1.0934934018931266
        ],
        "10": [
          0.009658113280799374,
          1.037783488740499
        ],
        "11": [
          -0.13301356672481846,
          1.0830965044264327
        ]
      },
      "global_affine": null
    }
  }
}